{"products":[{"id":"1","name":"women-s-shoes","title":"Women's Shoes","description":"Sample text. Lorem ipsum dolor sit amet, consectetur adipiscing elit nullam nunc justo sagittis suscipit.","fullDescription":"Sample text. Lorem ipsum dolor sit amet, consectetur adipiscing elit, sed do eiusmod tempor incididunt ut labore et dolore magna aliqua. Ut enim ad minim veniam, quis nostrud exercitation ullamco laboris nisi ut aliquip ex ea commodo consequat.","price":"17","oldPrice":"20","quantity":1,"currency":"USD","sku":"","outOfStock":false,"isFeatured":false,"categories":["2"],"images":[{"url":"images/d754debf.svg"},{"url":"images/414330ad.svg"}],"created":1731905858374,"updated":1731905858374,"isDefault":true,"fullPrice":"$17.00","fullPriceOld":"$20.00"},{"id":"2","name":"men-s-t-shirt","title":"Men's T-Shirt","description":"Sample text. Lorem ipsum dolor sit amet, consectetur adipiscing elit nullam nunc justo sagittis suscipit.","fullDescription":"Sample text. Lorem ipsum dolor sit amet, consectetur adipiscing elit, sed do eiusmod tempor incididunt ut labore et dolore magna aliqua. Ut enim ad minim veniam, quis nostrud exercitation ullamco laboris nisi ut aliquip ex ea commodo consequat.","price":"245","oldPrice":"300","quantity":1,"currency":"USD","sku":"","outOfStock":false,"isFeatured":false,"categories":["1"],"images":[{"url":"images/53c4c417.svg"}],"created":1731905858375,"updated":1731905858375,"isDefault":true,"fullPrice":"$245.00","fullPriceOld":"$300.00"},{"id":"3","name":"summer-hat","title":"Summer Hat","description":"Sample text. Lorem ipsum dolor sit amet, consectetur adipiscing elit nullam nunc justo sagittis suscipit.","fullDescription":"Sample text. Lorem ipsum dolor sit amet, consectetur adipiscing elit, sed do eiusmod tempor incididunt ut labore et dolore magna aliqua. Ut enim ad minim veniam, quis nostrud exercitation ullamco laboris nisi ut aliquip ex ea commodo consequat.","price":"19","oldPrice":"25","quantity":1,"currency":"USD","sku":"","outOfStock":false,"isFeatured":false,"categories":["3"],"images":[{"url":"images/6537f30a.svg"}],"created":1731905858375,"updated":1731905858375,"isDefault":true,"fullPrice":"$19.00","fullPriceOld":"$25.00"},{"id":"4","name":"leather-gloves","title":"Leather Gloves","description":"Sample text. Lorem ipsum dolor sit amet, consectetur adipiscing elit nullam nunc justo sagittis suscipit.","fullDescription":"Sample text. Lorem ipsum dolor sit amet, consectetur adipiscing elit, sed do eiusmod tempor incididunt ut labore et dolore magna aliqua. Ut enim ad minim veniam, quis nostrud exercitation ullamco laboris nisi ut aliquip ex ea commodo consequat.","price":"20","oldPrice":"25","quantity":1,"currency":"USD","sku":"","outOfStock":false,"isFeatured":false,"categories":["3"],"images":[{"url":"images/776587db.svg"}],"created":1731905858375,"updated":1731905858375,"isDefault":true,"fullPrice":"$20.00","fullPriceOld":"$25.00"},{"id":"5","name":"flip-flops","title":"Flip Flops","description":"Sample text. Lorem ipsum dolor sit amet, consectetur adipiscing elit nullam nunc justo sagittis suscipit.","fullDescription":"Sample text. Lorem ipsum dolor sit amet, consectetur adipiscing elit, sed do eiusmod tempor incididunt ut labore et dolore magna aliqua. Ut enim ad minim veniam, quis nostrud exercitation ullamco laboris nisi ut aliquip ex ea commodo consequat.","price":"7","oldPrice":"10","quantity":1,"currency":"USD","sku":"","outOfStock":false,"isFeatured":false,"categories":["2"],"images":[{"url":"images/6f461f60.svg"}],"created":1731905858376,"updated":1731905858376,"isDefault":true,"fullPrice":"$7.00","fullPriceOld":"$10.00"},{"id":"6","name":"girl-skirt","title":"Girl Skirt","description":"Sample text. Lorem ipsum dolor sit amet, consectetur adipiscing elit nullam nunc justo sagittis suscipit.","fullDescription":"Sample text. Lorem ipsum dolor sit amet, consectetur adipiscing elit, sed do eiusmod tempor incididunt ut labore et dolore magna aliqua. Ut enim ad minim veniam, quis nostrud exercitation ullamco laboris nisi ut aliquip ex ea commodo consequat.","price":"150","oldPrice":"175","quantity":1,"currency":"USD","sku":"","outOfStock":false,"isFeatured":false,"categories":["1"],"images":[{"url":"images/caac4e54.svg"}],"created":1731905858376,"updated":1731905858376,"isDefault":true,"fullPrice":"$150.00","fullPriceOld":"$175.00"}],"categories":[{"id":"1","title":"Clothes","categoryId":null,"created":1731905858373,"updated":1731905858373},{"id":"2","title":"Shoes","categoryId":null,"created":1731905858373,"updated":1731905858373},{"id":"3","title":"Accessories","categoryId":null,"created":1731905858373,"updated":1731905858373}]}